File ID,Vehicle 1 Manufacturer,Vehicle 1 Business Name,Date,Time,Vehicle 1 Year of Manufacturing,Vehicle 1 Make,Vehicle 1 Model,Location of Accident,City of Accident,County of Accident,State of Accident,ZIPCODE of Accident,Vehicle 1 was Moving,Vehicle 1 was Stopped in Traffic,Pedestrian Involved in Accident (w V1),Bicyclist involved in Accident (w V1),Any other involved entity (w V1),Number of Vehicles involved in Accident (w V1),Vehicle Damage,RB,LR1,LR2,LR3,RR1,RR2,RR3,LRP1,LRP2,LRP3,LRP4,RRP1,RRP2,RRP3,RRP4,FDS1,FDS2,FDS3,FDS4,FPS1,FPS2,FPS3,FPS4,LFC1,LFC2,LFC3,RFC1,RFC2,RFC3,FB,Vehicle 2 Model,Vehicle 2 Year of Manufacturing,Vehicle 2 was Moving,Vehicle 2 was Stopped in Traffic,Pedestrian Involved in Accident (w V2),Bicyclist involved in Accident (w V2),Any other involved entity (w V2),Property Damage,Property Owner's Details,Number of Vehicles involved in Accident (w V2),Car Mode,Description,Weather Vehicle 1,Weather Vehicle 2,Lighting Vehicle 1,Lighting Vehicle 2,Roadway Surface Vehicle 1,Roadway Surface Vehicle 2,Roadway Conditions Vehicle 1,Roadway Conditions Vehicle 2,Movement Preceding Collision Vehicle 1,Movement Preceding Collision Vehicle 2,Type of Collison Vehicle 1,Type of Collison Vehicle 2,Other Factors,Lat1,Lng1,Lat2,Lng2,Lat3,Lng3
cruise-collision-report-december-19-2019.pdf,Cruise LLC,Cruise,12/19/2019,10:27 AM,2020,Chevrolet,Bolt,Post St. and Leavenworth St.,San Francisco,San Francisco,CA,94109,Yes,No,No,No,No,2,Minor,,,,,,,,,,,,,,,,,,,,,,,,,,,,,,,,,,,,,,,,,,"A Cruise autonomous vehicle (“Cruise AV”) operating in autonomous mode, was traveling northbound on Leavenworth Street at the intersection with Post Street when the Cruise AV yielded to a public transit bus changing into the Cruise AV’s lane from the right adjacent lane. The driver of the Cruise AV disengaged from autonomous mode and, shortly thereafter, another vehicle made contact with the left rear corner of the Cruise AV, damaging the Cruise AV’s left rear fascia and the other vehicle’s right front fascia. There were no injuries and police were not called.",Clear,Clear,Daylight,Daylight,Dry,Dry,No unusual conditions,No unusual conditions,Proceeding Straight,Changing Lanes,Other,Rear End,None Apparent,37.7874642,-122.4150247,37.78881318,-122.4136757,37.78611521,-122.4163737
cruise-collision-report-december-27-2019.pdf,Cruise LLC,Cruise,12/27/2019,4:56 PM,2020,Chevrolet,Bolt,850 Stanyan St.,San Francisco,San Francisco,CA,94117,Yes,No,No,No,No,2,Minor,,,,,,,,,,,,,,,,,,,,,,,,,,,,,,,,,,,,,,,,,,"A Cruise autonomous vehicle (“Cruise AV”), operating in autonomous mode, was traveling southbound on Stanyan Street at the intersection with Beulah Street when a lane-encroaching municipal city bus in the right adjacent lane attempted to pass the Cruise AV. The driver of the Cruise AV disengaged from autonomous mode and, shortly thereafter, the city bus made contact with the right side of the Cruise AV, damaging the Cruise AV’s right articulating radar casing. There were no injuries. Police were called but not dispatched to the scene.",Clear,Clear,Dusk/Dawn,Dusk/Dawn,Dry,Dry,No unusual conditions,No unusual conditions,Proceeding Straight,Passing other Vehicle,Other,Side Swipe,None Apparent,37.7666837,-122.4528955,37.76802183,-122.4516252,37.76532386,-122.4543231
cruise-collision-report-december-8-2019.pdf,Cruise LLC,Cruise,12/08/2019,9:14 AM,2020,Chevrolet,Bolt,30th Avenue and California Street,San Francisco,San Francisco,CA,94121,No,Yes,No,No,No,2,Minor,Yes,Yes,No,No,No,No,No,No,No,No,No,No,No,No,No,No,No,No,No,No,No,No,No,No,No,No,No,No,No,No,Q5,2018,Yes,No,No,No,No,Only for Old Reports,Only for Old Reports,2,Conventional Mode,"A Cruise autonomous vehicle (“Cruise AV”), operating in autonomous mode, was stopped at a 4-way stop on southbound 30th Avenue at the intersection with California Street when another vehicle made contact with the Cruise AV’s rear bumper, damaging the rear fascia and rear center radar assembly of the Cruise AV. There were no injuries and police were not called.",Clear,Clear,Daylight,Daylight,Dry,Dry,No unusual conditions,No unusual conditions,Stopped,Slowing/Stopping,Other,Rear End,None Apparent,37.7836454,-122.4903754,37.78499438,-122.4890264,37.78229641,-122.4917244
cruise-collision-report-february-5-2020.pdf,Cruise LLC,Cruise,02/05/2020,8:57 AM,2020,Cheverolet,Bolt,901 Jones St,San Francisco,San Francisco,CA,94109,No,Yes,No,No,No,2,None,No,No,No,No,No,No,No,No,No,No,No,No,No,No,No,No,No,No,No,No,No,No,No,No,No,No,No,No,No,No,Lexus,2002,Yes,No,No,No,No,Only for Old Reports,Only for Old Reports,2,Conventional Mode,"A Cruise autonomous vehicle (""Cruise AV"") being driven in conventional mode was involved in a collision on eastbound Bush Street near the intersection with Jones Street. While the driver of the Cruise AV was stopped in traffic, another vehicle made contact with the rear bumper of the Cruise AV. There were no injuries reported at the scene by either party and police were not called. The Cruise AV test operator sitting in the front passenger seat later mentioned neck and back pain.",Clear,Clear,Daylight,Daylight,Dry,Dry,No unusual conditions,No unusual conditions,Stopped,Proceeding Straight,Other,Rear End,None Apparent,37.7895489,-122.4137529,37.79089788,-122.4124039,37.78819991,-122.4151019
cruise-collision-report-february-9-2020.pdf,Cruise LLC,Cruise,02/09/2020,9:16 PM,2020,Chevrolet,Bolt,Sickles Ave and Mission St,San Francisco,San Francisco,CA,94112,No,Yes,No,No,No,2,Moderate,Yes,No,No,No,No,No,No,No,No,No,No,No,No,No,No,No,No,No,No,No,No,No,No,No,No,No,No,No,No,No,Lexus,2010,Yes,No,No,No,No,Only for Old Reports,Only for Old Reports,2,Autonomous Mode,"A Cruise autonomous vehicle (""Cruise AV""), operating in autonomous mode, was traveling southeast bound on Sickles Avenue toward the intersection with Mission Street in the left turn lane; when the Cruise AV yielded to another vehicle that encroached into the Cruise AV’s lane from the right adjacent lane. Shortly thereafter, a second vehicle made contact with the rear bumper of the Cruise AV, damaging the Cruise AV’s rear impact bar and a radar mounting bracket and the other vehicle’s front bumper. There were no injuries and police were not called.",Clear,Clear,Dark w Street-lights,Dark w Street-lights,Dry,Dry,No unusual conditions,No unusual conditions,Proceeding Straight,Proceeding Straight,Other,Rear End,None Apparent,37.7087851,-122.4527694,37.71013408,-122.4514204,37.70743611,-122.4541184
cruise-collision-report-january-12-2020.pdf,Cruise LLC,Cruise,01/12/2020,12:40 PM,2020,Chevrolet,Bolt,Yes,N/A,N/A,CA,Median Curb,1,Cruise LLC,No,No,No,N/A,Minor,No,No,No,No,No,No,No,No,No,No,No,No,Yes,No,No,No,No,No,No,No,No,No,No,No,No,No,No,No,No,No,Not Available,Not Available,No,Conventional Mode,Clear,Wind,Daylight,Only for Old Reports,Only for Old Reports,Dark w Non-functioning Street-lights,Dark,"A Cruise autonomous vehicle (“Cruise AV”) being driven in conventional mode was involved in a single-car collision on northbound Clipper Street near the intersection with westbound Portola Drive. While the driver of the Cruise AV began to turn left onto Portola, the driver made contact with the traffic island, damaging the Cruise AV’s front left wheel assembly. There were no injuries and police were not called.",Slippery,No unusual conditions,No unusual conditions,Making Left Turn,Other,Hit Object,Other,N/A,,,,,,42.009503,-114.131211,32.528832,-124.482003,36.778261,-119.4179324
cruise-collision-report-january-2-2020.pdf,Cruise LLC,Cruise,01/02/2020,8:24 AM,2020,Chevrolet,Bolt,Clement St between 24th Ave and 25th Ave,San Francisco,San Francisco,CA,94121,No,Yes,No,No,No,2,Minor,No,No,No,No,No,No,No,No,No,No,No,No,No,No,No,No,No,No,No,No,No,No,No,No,No,No,No,No,No,Yes,Econoline,1998,Yes,No,No,No,No,Only for Old Reports,Only for Old Reports,2,Conventional Mode,"A Cruise autonomous vehicle (“Cruise AV”) being driven in conventional mode was involved in a collision on eastbound Clement Street between 24th and 25th Avenues. While the Cruise AV was parked parallel to the curb on the street, another vehicle reversing out of its parallel parking spot made contact with the front bumper of the Cruise AV, damaging the Cruise AV’s front center radar bracket assembly. There were no injuries and police were not called.",Clear,Clear,Daylight,Daylight,Dry,Dry,No unusual conditions,No unusual conditions,Parking,Parking Manuever,Other,Head-On,None Apparent,37.7898927,-122.4823841,37.7635128,-122.4861638,37.7766411,-122.4845117
cruise-collision-report-january-25-2020.pdf,Cruise LLC,Cruise,1/25/2020,8:10 AM,2020,Chevrolet,Bolt,4307 24th St,San Francisco,San Francisco,CA,94114,Yes,No,No,No,No,2,None,No,No,No,No,No,No,No,No,No,No,No,No,No,No,No,No,No,No,No,No,No,No,No,No,No,No,No,No,No,No,Audi,2007,No,No,No,No,No,Only for Old Reports,Only for Old Reports,2,Conventional Mode,"A Cruise autonomous vehicle (“Cruise AV”) being driven in conventional mode was involved in a collision on westbound 24th Street between Douglass Street and Hoffman Avenue. While the driver of the Cruise AV attempted to reverse into a parallel parking spot, the driver made contact with another parked vehicle’s front bumper, damaging the other vehicle’s front center bumper. There were no injuries and police were not called.",Clear,Clear,Daylight,Daylight,Dry,Dry,No unusual conditions,No unusual conditions,Backing,Parking,Other,Other,None Apparent,37.7509037,-122.4388441,37.7507476,-122.4389398,37.7508224,-122.4388831
cruise-collision-report-january-29-2020.pdf,Cruise LLC,Cruise,1/29/2020,10:10 AM,2020,Chevrolet,Bolt,1170 Columbus Av,San Francisco,San Francisco,CA,94133,Yes,No,No,No,No,2,None,No,No,No,No,No,No,No,No,No,No,No,No,No,No,No,No,No,No,No,No,No,No,No,No,No,No,No,No,No,No,Honda,2015,Yes,No,No,No,No,Only for Old Reports,Only for Old Reports,2,Autonomous Mode,"A Cruise autonomous vehicle (“Cruise AV”), operating in autonomous mode, was traveling northwest bound on Columbus Street approaching the intersection with Jones Street when the Cruise AV slowed down. The driver of the Cruise AV disengaged from autonomous mode and, shortly thereafter, another vehicle, changing into the Cruise AV’s lane from the left adjacent lane, made contact with the rear bumper of the Cruise AV. There were no injuries reported at the scene by either party and police were not called. Both of the Cruise AV test operators later mentioned neck and shoulder pain.",Clear,Clear,Daylight,Daylight,Dry,Dry,No unusual conditions,No unusual conditions,Proceeding Straight,Proceeding Straight,Rear End,Other,None Apparent,37.8048328,-122.4164561,37.80614048,-122.4151554,37.80344251,-122.4178533
cruise-collision-report-january-31-2020.pdf,Cruise LLC,Cruise,01/31/2020,5:47 PM,2020,Chevrolet,Bolt,22 Castro St,San Francisco,San Francisco,CA,94114,No,Yes,No,No,No,2,None,No,No,No,No,No,No,No,No,No,No,No,No,No,No,No,No,No,No,No,No,No,No,No,No,No,No,No,No,No,No,Ford,2008,Yes,No,No,No,No,Only for Old Reports,Only for Old Reports,2,Autonomous Mode,"A Cruise autonomous vehicle (“Cruise AV”), operating in autonomous mode, was making a left turn onto eastbound Duboce Avenue from southbound Castro Street when the Cruise AV yielded to an oncoming car. The driver of the Cruise AV disengaged from autonomous mode and, shortly thereafter, another vehicle made contact with the rear bumper of the Cruise AV. There were no injuries reported at the scene by either party and police were not called. Both of the Cruise AV test operators later mentioned neck and back pain.",Clear,Clear,Daylight,Daylight,Dry,Dry,No unusual conditions,No unusual conditions,Making Left Turn,Proceeding Straight,Rear End,Other,None Apparent,37.7685919,-122.4359303,37.7685071,-122.4361188,37.7685602,-122.4359525
cruise-collision-report-june-1-2020.pdf,Cruise LLC,Cruise,06/01/2020,10:36 AM,2020,Chevrolet,Bolt,Mission St. and 10th St.,San Francisco,San Francisco,CA,94103,No,Yes,No,No,No,2,Minor,No,No,No,No,Yes,No,No,No,No,No,No,No,No,No,No,No,No,No,No,No,No,No,No,No,No,No,No,No,No,No,Chevrolet Astro,Not Available,Yes,No,No,No,No,Only for Old Reports,Only for Old Reports,2,Autonomous Mode,"A Cruise autonomous vehicle (“Cruise AV”), operating in autonomous mode, was coming to a complete stop in response to stopped traffic on southwest bound Mission Street near the intersection with 10th Street when another vehicle approaching from the rear made contact with the Cruise AV’s rear bumper, damaging the rear right fascia light bracket. The driver of the other vehicle left the scene without exchanging information. Both of the Cruise AV test operators mentioned back pain at the scene but police were not called.",Clear,Clear,Daylight,Daylight,Dry,Dry,No unusual conditions,No unusual conditions,Stopped,Proceeding Straight,Other,Rear End,None Apparent,37.7752842,-122.4159435,37.77663318,-122.4145945,37.77393521,-122.4172925
cruise-collision-report-november-10-2019.pdf,Cruise LLC,Cruise,11/10/2019,12:55 AM,2020,Chevrolet,Bolt,1499 Vallejo St.,San Francisco,San Francisco,CA,94109,No,Yes,No,No,No,2,Moderate,,,,,,,,,,,,,,,,,,,,,,,,,,,,,,,,,,,,,,,,,,"A Cruise autonomous vehicle (“Cruise AV”) was involved in a collision while parked in conventional mode on the westbound side of Vallejo Street near the intersection with Polk Street. While the Cruise AV was parked parallel to the curb on the street, another vehicle traveling westbound on Vallejo in the left adjacent traffic lane sideswiped and made contact with the left side of the Cruise AV and the parked vehicle in front of the Cruise AV, damaging the Cruise AV’s driver’s side mirror, camera, articulating radar assembly, and doors. The driver of the other vehicle left the scene without exchanging information. There were no injuries and police were not called.",Clear,Clear,Dark w Street-lights,Dark w Street-lights,Dry,Dry,No unusual conditions,No unusual conditions,Parking,Proceeding Straight,Other,Side Swipe,None Apparent,37.7969035,-122.4219618,37.79825248,-122.4206128,37.79555451,-122.4233108
cruise-collision-report-november-18-2019.pdf,Cruise LLC,Cruise,11/18/2019,9:45 AM,2020,Chevrolet,Bolt,13th St. and Bryant St.,San Francisco,San Francisco,CA,94103,Yes,No,No,No,No,2,Minor,No,No,No,No,No,No,No,No,No,No,No,No,No,No,No,No,No,No,No,No,No,No,No,Yes,No,Yes,No,No,No,No,RX350,2015,Yes,No,No,No,No,Only for Old Reports,Only for Old Reports,2,Conventional Mode,"A Cruise autonomous vehicle (“Cruise AV”) being driven in conventional mode was involved in a collision while traveling eastbound on 13th Street near the intersection with Bryant Street. While pulling up behind another vehicle in the left turn lane, the driver of the Cruise AV accelerated and made contact with the other vehicle’s right rear bumper, damaging the Cruise AV’s front right headlight, front center radar, and radar assembly. There were no injuries and police were not called.",Clear,Clear,Daylight,Daylight,Dry,Dry,No unusual conditions,No unusual conditions,Slowing/Stopping,Slowing/Stopping,Rear End,Other,None Apparent,37.7796298,-122.3980157,37.7636123,-122.4108778,37.7730208,-122.4063611
cruise-collision-report-november-25-2019.pdf,Cruise LLC,Cruise,11/25/2019,7:00 PM,2020,Chevrolet,Bolt,California St. and Hyde St.,San Francisco,San Francisco,CA,94109,No,Yes,No,No,No,2,Minor,Yes,No,No,No,Yes,No,No,No,No,No,No,No,No,No,No,No,No,No,No,No,No,No,No,No,No,No,No,No,No,No,Ranger,1999,Yes,No,No,No,No,Only for Old Reports,Only for Old Reports,2,Autonomous Mode,"A Cruise autonomous vehicle (“Cruise AV”), operating in autonomous mode, was making a right turn from eastbound California Street onto southbound Hyde Street when another vehicle made contact with the Cruise AV’s rear bumper, damaging the rear fascia and the rear center radars. There were no injuries reported at the scene by either party and police were not called. Days after the collision, the Cruise AV test operator sitting in the driver's seat reported injuries. [originally filed 12/4/2019, amended 12/16/2019]",Clear,Clear,Dark w Street-lights,Dark w Street-lights,Dry,Dry,No unusual conditions,No unusual conditions,Making Right Turn,Making Right Turn,Other,Rear End,None Apparent,37.7910104,-122.4174215,37.79235938,-122.4160725,37.78966141,-122.4187705
cruise-collision-report-november-29-2019.pdf,Cruise LLC,Cruise,11/29/2019,10:41 AM,2020,Chevrolet,Bolt,Embarcadero St. and Washington St.,San Francisco,San Francisco,CA,94105,Yes,No,No,No,No,2,Moderate,Yes,Yes,No,No,Yes,No,No,No,No,No,No,No,No,No,No,No,No,No,No,No,No,No,No,No,No,No,No,No,No,No,Audi Q4,2014,Yes,No,No,No,No,Only for Old Reports,Only for Old Reports,2,Conventional Mode,"A Cruise autonomous vehicle (“Cruise AV”), operating in autonomous mode, was traveling southeast bound on The Embarcadero at the intersection with Washington Street when the Cruise AV slowed down. The driver of the Cruise AV disengaged from autonomous mode and, shortly thereafter, another vehicle made contact with the rear bumper of the Cruise AV, damaging the Cruise AV’s rear fascia assembly and radars. There were no injuries reported at the scene by either party and police were not called. Both of the Cruise AV test operators later mentioned neck and back pain.",Clear,Clear,Daylight,Daylight,Dry,Dry,No unusual conditions,No unusual conditions,Proceeding Straight,Proceeding Straight,Other,Rear End,None Apparent,37.7967325,-122.3952617,37.79808148,-122.3939127,37.79538351,-122.3966107
cruise-collision-report-november-9-2019.pdf,Cruise LLC,Cruise,11/09/2019,9:59 AM,2020,Chevrolet,Bolt,Howard St. and 11th St.,San Francisco,San Francisco,CA,94103,No,Yes,No,No,No,3,Minor,No,Yes,No,No,No,No,No,No,No,No,No,No,No,No,No,No,No,No,No,No,No,No,No,No,No,No,No,No,No,No,Yamaha YZF-R3,2016,Yes,No,No,No,No,Only for Old Reports,Only for Old Reports,3,Conventional Mode,"A Cruise autonomous vehicle (“Cruise AV”), operating in autonomous mode, was traveling southeast bound on 11th Street between Howard and Folsom Streets when the Cruise AV slowed down for a passing motorcyclist behind it. The driver of the Cruise AV disengaged from autonomous mode and, shortly thereafter, the motorcyclist made contact with the left rear corner of the Cruise AV. The collision resulted in damage to both the Cruise AV and the motorcycle. There were no injuries and police were not called.",Clear,Clear,Daylight,Daylight,Dry,Dry,No unusual conditions,No unusual conditions,Slowing/Stopping,Passing other Vehicle,Other,Side Swipe,None Apparent,37.7731024,-122.4155943,37.77445138,-122.4142453,37.77175341,-122.4169433
cruise-collision-report-october-17-2019.pdf,Cruise LLC,Cruise,10/17/2019,1:05 AM,2020,Cheverolet,Bolt,Hyde St. and Sutter St.,San Francisco,San Francisco,CA,94109,No,Yes,No,No,No,2,Minor,,,,,,,,,,,,,,,,,,,,,,,,,,,,,,,,,,,,,,,,,,"A Cruise autonomous vehicle (“Cruise AV”), operating in autonomous mode, was stopped at a red light on southbound Hyde Street at the intersection with Sutter Street when another vehicle behind the Cruise AV attempted to change into the right adjacent lane and made contact with the right rear corner of the Cruise AV, damaging the Cruise AV’s right rear radar and assembly. There were no injuries and police were not called.",,,,,,,,,,,,,,37.7881866,-122.4168552,37.78953558,-122.4155062,37.78683761,-122.4182042
cruise-collision-report-october-26-2019.pdf,Cruise LLC,Cruise,10/26/2019,11:05 AM,2020,Chevrolet,Bolt,The Embarcadero and Battery St.,San Francisco,San Francisco,CA,94111,Yes,No,No,No,No,2,Minor,Yes,No,No,No,Yes,No,No,No,No,No,No,No,No,No,No,No,No,No,No,No,No,No,No,No,No,No,No,No,No,No,Accord,2007,Yes,No,No,No,No,Only for Old Reports,Only for Old Reports,2,Conventional Mode,"A Cruise autonomous vehicle (“Cruise AV”), operating in autonomous mode, was traveling southeast bound on The Embarcadero near the intersection with Battery Street when the Cruise AV yielded to another vehicle in the left adjacent lane that encroached into the Cruise AV’s lane. The driver of the Cruise AV disengaged from autonomous mode and, shortly thereafter, a second vehicle behind the Cruise AV made contact with the rear bumper of the Cruise AV, damaging the Cruise AV’s right rear bumper, fascia, signal lamp, and radar assembly. There were no injuries reported at the scene by either party and police were not called. Both of the Cruise AV test operators later mentioned neck and back injuries.",Clear,Clear,Daylight,Daylight,Dry,Dry,No unusual conditions,No unusual conditions,Proceeding Straight,Proceeding Straight,Other,Rear End,None Apparent,37.8040794,-122.4018292,37.80542838,-122.4004802,37.80273041,-122.4031782
cruise-collision-report-october-27-2019.pdf,Cruise LLC,Cruise,10/27/2019,1:50 PM,2020,Chevrolet,Bolt,15 Marina Blvd,San Francisco,San Francisco,CA,94123,Yes,No,No,No,No,2,Minor,No,No,No,No,Yes,No,No,No,No,No,No,No,No,No,No,No,No,No,No,No,No,No,No,No,No,No,No,No,No,No,Civic,2006,Yes,No,No,No,No,Only for Old Reports,Only for Old Reports,2,Conventional Mode,"A Cruise autonomous vehicle (“Cruise AV”) being driven in conventional mode was involved in a collision while traveling in a private parking lot on the block located between Marina Boulevard and North Point Street on the north and south boundaries and Buchanan and Laguna Streets on the west and east boundaries, respectively. While the driver of the Cruise AV reversed out of its diagonal parking spot, another vehicle simultaneously reversing out of its diagonal parking spot on the other side made contact with the right rear corner of the Cruise AV, damaging the Cruise AV’s right rear tail lamp assembly. There were no injuries and police were not called.",Clear,Clear,Daylight,Daylight,Dry,Dry,No unusual conditions,No unusual conditions,Parking Manuever,Parking Manuever,Other,Rear End,None Apparent,37.8047379,-122.4323267,37.8041733,-122.4333264,37.8043948,-122.4328779
cruise-collision-report-october-28-2019.pdf,Cruise LLC,Cruise,10/28/2019,2:42 PM,2020,Chevrolet,Bolt,Howard St. and 9th St.,San Francisco,San Francisco,CA,94103,Yes,No,No,Yes,No,1,None,No,No,No,No,No,No,No,No,No,No,No,No,No,No,No,No,No,No,No,No,No,No,No,No,No,No,No,No,No,No,unk,Not Available,Yes,No,No,Yes,No,Only for Old Reports,Only for Old Reports,1,Conventional Mode,"A Cruise autonomous vehicle (“Cruise AV”), operating in autonomous mode, was traveling southeast bound on Howard Street near the intersection with 9th Street when a bicyclist in the right adjacent dedicated bike lane veered away from a wayward pedestrian throwing an unknown object in the bicyclist's direction in the crosswalk. The driver of the Cruise AV disengaged from autonomous mode and, shortly thereafter, the bicyclist veered into the Cruise AV's lane and made contact with the right front passenger door of the Cruise AV. No injuries were reported at the scene by either party. Police were called but not dispatched to the scene. The bicyclist later reported injuries.",Clear,Clear,Daylight,Daylight,Dry,Dry,No unusual conditions,No unusual conditions,Proceeding Straight,Other,Other,Side Swipe,None Apparent,37.7750068,-122.4131808,37.77635578,-122.4118318,37.77365781,-122.4145298
cruise-collision-report-october-29-2019.pdf,Cruise LLC,Cruise,10/29/2019,7:52 PM,2020,Chevrolet,Bolt,Yes,N/A,N/A,CA,N/A,2,Cruise LLC,No,No,No,N/A,None,No,No,No,No,No,No,No,No,No,No,No,No,No,No,No,No,No,No,No,No,No,No,No,No,No,Prius,2010,Yes,No,No,Not Available,Not Available,2,Autonomous Mode,Clear,Clear,Dark w Street-lights,Only for Old Reports,Only for Old Reports,Dark w Street-lights,Dark,"A Cruise autonomous vehicle (“Cruise AV”), operating in autonomous mode, was traveling eastbound in a channelized lane on Beach Street near the intersection with The Embarcadero when it stopped at the traffic light and another vehicle behind the Cruise AV made contact with its rear bumper. There were no injuries reported at the scene by either party and police were not called. The Cruise AV test operators sitting in the driver’s seat and in the backseat later mentioned back pain.",Dark,No unusual conditions,No unusual conditions,Stopped,Proceeding Straight,Other,Rear End,N/A,,,,,,19.6340701,101.3572049,18.0129909,100.3358982,18.6848086,100.8000051
Delphi_101414.pdf,"DELPHI AUTOMOTIVE SYSTEMS, LLC","DELPHI AUTOMOTIVE SYSTEMS, LLC",10/14/2015,7:27 PM,2014,Audi,SQ5,San Antonio Road (600 Block),Palo Alto,Santa Clara,CA,94043,No,yes,No,No,No,2,Not Available,Not Available,Not Available,Not Available,Not Available,Not Available,Not Available,Not Available,Not Available,Not Available,Not Available,Not Available,Not Available,Not Available,Not Available,Not Available,Not Available,Not Available,Not Available,Not Available,Not Available,Not Available,Not Available,Not Available,Not Available,Not Available,Not Available,Not Available,Not Available,Not Available,Not Available,Honda Civic,2012,Yes,No,No,No,No,"Audi Vehicle - damaged fender, bumper/fusela:",Not Available,2,Conventional Mode,"The Auli, in conventional mode, transitloned from Byron to San Antonio E/B and waited in the merge pooket for traffic to dent. After approximately 20 seconds of waiting stationary for traffic to clear, a Honda was observed to the left corsing over the elevated center island The Honda hit the right foot of Audi and continues to go over another center island at 25-30 mph. Honda came to a stop approximately
75-100 yurds from impact heading W/S it tho E/B lano. Audi vehlele damago includes right fender, front bumper/fascia.",,,,,,,,,,,,,,,,,,,
DriveAi_012918.pdf,"Drive.ai, Inc.","Drive.ai, Inc.",01/29/2018,Not Available,2016,Nissan,NV200 Taxi,E Reed St. and S 2nd St.,San Jose,Santa Clara,CA,95113,Yes,No,No,No,Const. Equipment,2,Not Available,Not Available,Not Available,Not Available,Not Available,Not Available,Not Available,Not Available,Not Available,Not Available,Not Available,Not Available,Not Available,Not Available,Not Available,Not Available,Not Available,Not Available,Not Available,Not Available,Not Available,Not Available,Not Available,Not Available,Not Available,Not Available,Not Available,Not Available,Not Available,Not Available,Not Available,Not Applicable,Not Applicable,No,No,No,No,No,Only for Old Reports,Only for Old Reports,1,Conventional Mode,"A Drive.ai test vehicle was being manually driven ( conventional mode) for data collection in downtown San Jose at around 3:30pm on
Monday 1/29. The vehicle was traveling southwest on Reed St. near 2nd St at the time of the incident. The right lane was blocked offby
some construction equipment. Due to driver error, the front right section of the NV200 impacted a stationary piece of construction
equipment at 17 mph. The front right corner of the test vehicle sustained damage; the piece of construction equipment was not damaged.
There were no injuries as a result of the incident.",Not Available,Not Available,Not Available,Not Available,Not Available,Not Available,Not Available,Not Available,Not Available,Not Available,Not Available,Not Available,Not Available,,,,,,
ghostautonomy_08142023.pdf,Ghost Autonomy Inc.,same,08/14/2023,2:20 PM,2017,Toyota,Camry,900 Villa St.,Mountain View,Santa Clara,CA,94041,No,Yes,No,No,No,n/a,Minor,Yes,No,No,No,No,No,No,No,No,No,No,No,No,No,No,No,No,No,No,No,No,No,No,No,No,No,No,No,No,No,Not Available,Not Available,No,No,No,No,No,Only for Old Reports,Only for Old Reports,Not Applicable,Conventional Mode,"A registered Ghost AV Test vehicle was hit by crash debris while traveling on I-680 N. The Ghost vehicle neither hit nor was hit by another vehicle. The Ghost car was traveling in AV mode with a registered AV Test Driver behind the wheel and an additional Safety Co-Driver in the passenger seat. Traffic slowed quickly due to a crash ahead of the Ghost car. Consistent with their training, the Ghost driver took control by braking and disengaging the autonomous system. The Ghost car stopped without impacting the preceding car. A Mercedes car immediately following the Ghost car also came to a stop without impacting the Ghost car. Ghost's understanding based on communications at the scene is that a Grand Cherokee traveling behind the Mercedes tried to swerve to avoid impacting the Mercedes but clipped the Mercedes and rolled over. To Ghost's knowledge, nobody in the Grand Cherokee was injured. The Ghost drivers heard a noise and then found that the rear bumper of the Ghost car had been damaged, which Ghost believes resulted from crash debris. The Ghost drivers drove the Ghost car back to the garage in conventional mode.",Clear,Wind,Daylight,Dark w Non-functioning Street-lights,Dry,Slippery,Other,No unusual conditions,Stopped,Other,Other,Other,CVC Sections Not Violated,,,,,,
gm-cruise-collision-report-april-3-2019.pdf,GM Cruise LLC,Cruise,4/3/2019,8:32 PM,2019,Chevrolet,Bolt,Portrero Avenue and Alameda Street,San Francisco,San Francisco,CA,94103,No,Yes,Yes,No,No,2,Minor,No,No,No,No,No,No,No,No,No,No,No,No,No,No,No,No,No,Yes,No,No,No,No,No,No,No,No,No,No,Yes,No,Bolt,2019,Yes,No,Yes,No,No,Only for Old Reports,Only for Old Reports,2,Conventional Mode,"Two Cruise autonomous vehicles (“Cruise AV 1” and “Cruise AV 2”), both operating in conventional mode, were stopped side-by-side at the traffic light on southbound Potrero Avenue at the intersection with Alameda Street when a pedestrian in the crosswalk approached both Cruise AVs in the street. The pedestrian struck both vehicles with a foreign object, scratching the front right bumper of Cruise AV 1 and denting the front driver side door of Cruise AV 2. Both drivers of the Cruise AVs immediately drove to safer locations after the incident and contacted the police. There were no injuries. The police later took statements from both drivers of the Cruise AVs and a report was filed as SFPD incident report number 190236884.",Clear,Clear,Dark w Street-lights,Dark w Street-lights,Dry,Dry,No unusual conditions,No unusual conditions,Stopped,Making Right Turn,Other,Other,None Apparent,,,,,,