File ID,Vehicle 1 Manufacturer,Vehicle 1 Business Name,Date,Time,Vehicle 1 Year of Manufacturing,Vehicle 1 Make,Vehicle 1 Model,Location of Accident,City of Accident,County of Accident,State of Accident,ZIPCODE of Accident,Vehicle 1 was Moving,Vehicle 1 was Stopped in Traffic,Pedestrian Involved in Accident (w V1),Bicyclist involved in Accident (w V1),Any other involved entity (w V1),Number of Vehicles involved in Accident (w V1),Vehicle Damage,RB,LR1,LR2,LR3,RR1,RR2,RR3,LRP1,LRP2,LRP3,LRP4,RRP1,RRP2,RRP3,RRP4,FDS1,FDS2,FDS3,FDS4,FPS1,FPS2,FPS3,FPS4,LFC1,LFC2,LFC3,RFC1,RFC2,RFC3,FB,Vehicle 2 Model,Vehicle 2 Year of Manufacturing,Vehicle 2 was Moving,Vehicle 2 was Stopped in Traffic,Pedestrian Involved in Accident (w V2),Bicyclist involved in Accident (w V2),Any other involved entity (w V2),Property Damage,Property Owner's Details,Number of Vehicles involved in Accident (w V2),Car Mode,Description,Weather Vehicle 1,Weather Vehicle 2,Lighting Vehicle 1,Lighting Vehicle 2,Roadway Surface Vehicle 1,Roadway Surface Vehicle 2,Roadway Conditions Vehicle 1,Roadway Conditions Vehicle 2,Movement Preceding Collision Vehicle 1,Movement Preceding Collision Vehicle 2,Type of Collison Vehicle 1,Type of Collison Vehicle 2,Other Factors,Lat1,Lng1,Lat2,Lng2,Lat3,Lng3
gm-cruise-collision-report-august-10-2019.pdf,GM Cruise LLC,Cruise,08/10/2019,11:39 PM,2020,Chevrolet,Bolt,14th St. and Noe St.,San Francisco,San Francisco,CA,94114,No,Yes,No,No,No,2,Minor,No,Yes,Yes,Yes,No,No,No,Yes,No,No,No,No,No,No,No,No,No,No,No,No,No,No,No,No,No,No,No,No,No,No,Taurus,2000,Yes,No,No,No,No,Only for Old Reports,Only for Old Reports,2,Conventional Mode,"A Cruise autonomous vehicle (“Cruise AV”), operating in autonomous mode, was traveling northbound on Noe Street at the intersection with 14th Street when the Cruise AV yielded to a pedestrian in the north crosswalk. The driver of the Cruise AV disengaged from autonomous mode, and shortly thereafter, another vehicle attempting a left turn from southbound Noe onto eastbound 14th made contact with the left rear corner of the Cruise AV, damaging the Cruise AV’s left rear fascia and wheel well. There were no injuries reported at the scene by either party and police were not called.",Clear,Clear,Dark w Street-lights,Dark w Street-lights,Dry,Dry,No unusual conditions,No unusual conditions,Slowing/Stopping,Making Left Turn,Other,Broadside,None Apparent,,,,,,
gm-cruise-collision-report-august-22-2019.pdf,GM Cruise LLC,Cruise,08/22/2019,1:13 PM,2020,Chevrolet,Bolt,Geary Blvd between 33rd Ave and 32nd Ave,San Francisco,San Francisco,CA,94121,Yes,No,No,No,No,2,Minor,No,No,No,No,Yes,No,Yes,No,No,No,No,No,No,No,No,No,No,No,No,No,No,No,No,No,No,No,No,No,No,No,Chevrolet,Not Available,Yes,No,No,No,No,Only for Old Reports,Only for Old Reports,2,Autonomous Mode,"A Cruise autonomous vehicle (“Cruise AV”), operating in autonomous mode, was traveling westbound on Geary Boulevard between 32nd and 33rd Avenues when another vehicle, traveling in the right adjacent lane, changed into the same lane as the Cruise AV and made contact with the right rear corner of the Cruise AV, damaging the Cruise AV’s right rear fascia and bumper. There were no injuries and police were not called.",Clear,Clear,Daylight,Daylight,Dry,Dry,No unusual conditions,No unusual conditions,Proceeding Straight,Changing Lanes,Other,Rear End,None Apparent,,,,,,
gm-cruise-collision-report-august-26-2019.pdf,GM Cruise LLC,Cruise,8/26/2019,9:14 PM,2020,Chevrolet,Bolt,Division St. between Potrero Ave. and Bryant St.,San Francisco,San Francisco,CA,94103,Yes,No,No,No,No,2,None,No,No,No,No,No,No,No,No,No,No,No,No,No,No,No,No,No,No,No,No,No,No,No,No,No,No,No,No,No,No,Not Available,Not Available,Yes,No,No,No,Electric Scooterist,Only for Old Reports,Only for Old Reports,2,Conventional Mode,"A Cruise autonomous vehicle (“Cruise AV”), operating in autonomous mode, was traveling westbound on Division Street between Potrero Avenue and Bryant Street when the Cruise AV slowed down in the right turn lane. The driver of the Cruise AV disengaged from autonomous mode, and shortly thereafter, an electric scooterist traveling in the same lane made contact with the rear bumper and fascia of the Cruise AV. The scooterist reported injuries and emergency services and the police arrived at the scene. SFPD incident report number 190633860 was not available at the time of filing of this report.",Clear,Clear,Dark w Street-lights,Dark w Street-lights,Dry,Dry,No unusual conditions,No unusual conditions,Slowing/Stopping,Proceeding Straight,Other,Rear End,CVC Sections Violated,,,,,,
gm-cruise-collision-report-august-4-2019.pdf,GM Cruise LLC,Cruise,08/04/2019,2:32 PM,2020,Chevrolet,Bolt,Leavenworth St. and Geary St.,San Francisco,San Francisco,CA,94109,Yes,No,No,No,No,2,Minor,No,Yes,No,No,No,No,No,No,No,No,No,No,No,No,No,No,No,No,No,No,No,No,No,No,No,No,No,No,No,No,Fiesta,2018,Yes,No,No,No,No,Only for Old Reports,Only for Old Reports,2,Conventional Mode,"A Cruise autonomous vehicle (“Cruise AV”), operating in autonomous mode, was traveling northbound on Leavenworth Street between Geary and Post Streets when another vehicle changed from the right adjacent lane to ahead of the Cruise AV without using its left signal. The driver of the Cruise AV disengaged from autonomous mode and, shortly thereafter, a second vehicle made contact with the rear bumper of the Cruise AV, damaging the Cruise AV’s rear bumper mounting bracket. Police were not called and no injuries were reported at the scene by either party. The Cruise AV tester sitting in the driver’s seat later mentioned neck pain.",Clear,Clear,Daylight,Daylight,Dry,Dry,No unusual conditions,No unusual conditions,Proceeding Straight,Proceeding Straight,Other,Rear End,None Apparent,,,,,,
gm-cruise-collision-report-august-7-2019.pdf,GM Cruise LLC,Cruise,08/07/2019,10:23 AM,2020,Chevrolet,Bolt,24th St. between Noe St. and Sanchez St.,San Francisco,San Francisco,CA,94114,No,Yes,No,No,No,2,Moderate,No,Yes,Yes,Yes,No,No,No,No,No,No,No,No,No,No,No,No,No,No,No,No,No,No,No,No,No,No,No,No,No,No,NPR,2000,Yes,No,No,No,No,Only for Old Reports,Only for Old Reports,2,Autonomous Mode,"A Cruise autonomous vehicle (“Cruise AV”), operating in autonomous mode, was traveling eastbound on 24th Street between Noe and Sanchez Streets when the Cruise AV yielded to a jaywalking pedestrian and for clearance to maneuver around a double-parked vehicle immediately ahead of it. While the Cruise AV waited, another vehicle pulling out of a driveway and into the Cruise AV’s lane made contact with the left rear corner of the Cruise AV, damaging the Cruise AV’s left rear bumper, fender, and radar. There were no injuries and police were not called.",Clear,Clear,Daylight,Daylight,Dry,Dry,No unusual conditions,No unusual conditions,Stopped,Entrering Traffic,Other,Rear End,None Apparent,,,,,,
gm-cruise-collision-report-february-14-2019.pdf,GM Cruise LLC,Cruise,02/14/2019,5:30 AM,2019,Chevrolet,Bolt,Gough St. and Fell St.,San Francisco,San Francisco,CA,94102,Yes,No,No,No,No,2,Minor,Yes,No,No,No,No,No,No,No,No,No,No,No,No,No,No,No,No,No,No,No,No,No,No,No,No,No,No,No,No,No,Celica,Not Available,Yes,No,No,No,No,Only for Old Reports,Only for Old Reports,2,Conventional Mode,"Cruise autonomous vehicle (“Cruise AV”), operating in autonomous mode, was traveling southbound on Gough Street at the intersection with Fell Street when the Cruise AV began to yield to a car on its right. The driver of the Cruise AV disengaged from autonomous mode, and shortly thereafter, another vehicle made contact with the center rear bumper of the Cruise AV, damaging the rear radar mounting bracket of the Cruise AV. There were no injuries and police were not called.",Raining,Raining,Dark w Street-lights,Dark w Street-lights,Wet,Wet,No unusual conditions,No unusual conditions,Proceeding Straight,Proceeding Straight,Other,Rear End,None Apparent,,,,,,
gm-cruise-collision-report-february-27-2019.pdf,GM Cruise LLC,Cruise,02/27/2019,6:04 AM,2019,Chevrolet,Bolt,Gough St. and Rose St.,San Francisco,San Francisco,CA,94102,Yes,No,No,No,No,2,Minor,Yes,Yes,No,No,Yes,No,No,No,No,No,No,No,No,No,No,No,No,No,No,No,No,No,No,No,No,No,No,No,No,No,Dodge Sprinter,2006,Yes,No,No,No,No,Only for Old Reports,Only for Old Reports,2,Autonomous Mode,"A Cruise autonomous vehicle (“Cruise AV”), operating in autonomous mode, was traveling southbound on Gough Street between Rose and Haight Streets when another vehicle, following closely behind the Cruise AV, made contact with the rear center bumper of the Cruise AV, damaging two fastening clips on the underside of the Cruise AV’s rear bumper. There were no injuries and police were not called.",Clear,Clear,Dark w Street-lights,Dark w Street-lights,Dry,Dry,No unusual conditions,No unusual conditions,Slowing/Stopping,Proceeding Straight,Other,Rear End,None Apparent,,,,,,
gm-cruise-collision-report-january-10-2019.pdf,GM Cruise LLC,Cruise,01/10/2019,11:29 AM,2019,Chevrolet,Bolt,S. Van Ness Ave between 12th St. and 13th St.,San Francisco,San Francisco,CA,94103,Yes,No,No,No,No,2,Minor,No,No,No,No,Yes,No,Yes,No,No,No,No,No,Yes,No,No,No,No,No,No,No,No,No,No,No,No,No,No,No,No,No,Prius,2017,Yes,No,No,No,No,Only for Old Reports,Only for Old Reports,2,Autonomous Mode,"A Cruise autonomous vehicle (“Cruise AV”), operating in autonomous mode, was traveling northbound on South Van Ness Street near the Howard Street fork when another vehicle, turning right onto South Van Ness from Howard, made contact with the right rear corner of the Cruise AV, causing damage to the Cruise AV’s rear bumper. There were no injuries and police were not called.",Clear,Clear,Daylight,Daylight,Slippery,Slippery,No unusual conditions,No unusual conditions,Proceeding Straight,Making Right Turn,Other,Rear End,None Apparent,,,,,,
gm-cruise-collision-report-january-7-2019.pdf,GM Cruise LLC,Cruise,01/07/2019,6:54 PM,2019,Chevrolet,Bolt,Folsom St. and 11th St.,San Francisco,San Francisco,CA,94103,Yes,No,No,No,No,2,Moderate,No,No,No,No,No,No,No,No,No,No,No,No,No,No,No,Yes,No,Yes,No,No,No,No,No,Yes,No,No,No,No,No,No,Pcx150,2018,Yes,No,No,No,No,Only for Old Reports,Only for Old Reports,2,Conventional Mode,"A Cruise autonomous vehicle (“Cruise AV”), operating in conventional mode, was making a left turn from northeast bound Folsom Street onto northwest bound 11th Street when a scooterist, attempting to pass the Cruise AV on the left, made contact with the front left side of the Cruise AV, damaging the front left fender, radar, and wheel well of the Cruise AV. The scooterist reported injuries and emergency services and the police arrived at the scene, but the scooterist declined medical treatment. No police report was available at the time of the filing of this report.",Clear,Clear,Dark w Street-lights,Dark w Street-lights,Dry,Dry,No unusual conditions,No unusual conditions,Making Left Turn,Changing Lanes,Other,Side Swipe,None Apparent,,,,,,
gm-cruise-collision-report-july-10-2019.pdf,GM Cruise LLC,Cruise,7/10/2019,9:59 PM,2020,Chevrolet,Bolt,10th St. between Market St. and Mission St.,San Francisco,San Francisco,CA,94102,Yes,No,No,No,No,2,Minor,,,,,,,,,,,,,,,,,,,,,,,,,,,,,,,,,,,,,,,,,,"A Cruise autonomous vehicle (“Cruise AV”), operating in autonomous mode, was traveling on southeast bound 10th Street between Market and Jessie Streets when another vehicle changing into the same lane made contact with the left rear corner of the Cruise AV, damaging the Cruise AV’s left rear bumper and wheel well. There were no injuries and police were not called.",Clear,Clear,Dark w Street-lights,Dark w Street-lights,Dry,Dry,No unusual conditions,No unusual conditions,Proceeding Straight,Changing Lanes,Other,Rear End,None Apparent,,,,,,
gm-cruise-collision-report-july-15-2019.pdf,GM Cruise LLC,Cruise,7/15/2019,11:02 PM,2020,Chevrolet,Bolt,14th St. and Valencia St.,San Francisco,San Francisco,CA,94103,Yes,No,No,No,No,2,Minor,No,No,No,No,No,No,No,No,No,No,No,No,No,No,No,No,No,No,No,No,No,No,Yes,No,No,No,No,Yes,No,No,Yaris,2015,Yes,No,No,No,No,Only for Old Reports,Only for Old Reports,2,Conventional Mode,"A Cruise autonomous vehicle (“Cruise AV”), operating in autonomous mode, was traveling eastbound on 14th Street at the intersection with Valencia Street when another vehicle began to change into the Cruise AV’s lane. The driver of the Cruise AV disengaged from autonomous mode and, shortly thereafter, the other vehicle made contact with the right front corner of the Cruise AV, damaging the Cruise AV’s right front fender. There were no injuries and police were not called.",Clear,Clear,Dark w Street-lights,Dark w Street-lights,Dry,Dry,No unusual conditions,No unusual conditions,Proceeding Straight,Changing Lanes,Other,Side Swipe,None Apparent,,,,,,
gm-cruise-collision-report-july-17-2019.pdf,GM Cruise LLC,Cruise,7/17/2019,3:02 PM,2020,Chevrolet,Bolt,Fell St. and Fillmore St.,San Francisco,San Francisco,CA,94117,Yes,No,No,No,No,2,Moderate,Yes,Yes,Yes,Yes,Yes,Yes,Yes,No,No,No,No,No,No,No,No,No,No,No,No,No,No,No,No,No,No,No,No,No,No,No,Explorer,Not Available,Yes,No,No,No,No,Only for Old Reports,Only for Old Reports,2,Conventional Mode,"A Cruise autonomous vehicle (“Cruise AV”), operating in autonomous mode, was traveling westbound on Fell Street between Webster and Fillmore Streets when the Cruise AV began to yield to traffic in the left adjacent lane. The driver of the Cruise disengaged from autonomous mode, and shortly thereafter, another vehicle changing into the same lane made contact with the right rear corner of the Cruise AV, damaging the Cruise AV’s rear hatch and window and right rear body and fascia. There were no injuries and police were not called.",Clear,Clear,Daylight,Daylight,Dry,Dry,No unusual conditions,No unusual conditions,Proceeding Straight,Changing Lanes,Other,Rear End,None Apparent,,,,,,
gm-cruise-collision-report-july-2-2019.pdf,GM Cruise LLC,Cruise,07/02/2019,9:47 AM,2020,Chevrolet,Bolt,Steiner St. and Bush St.,San Francisco,San Francisco,CA,94115,No,Yes,No,No,No,2,Minor,No,Yes,Yes,No,No,No,No,No,No,No,No,No,No,No,No,No,No,No,No,No,No,No,No,No,No,No,No,No,No,No,Suburban K1500,2001,Yes,No,No,No,No,Only for Old Reports,Only for Old Reports,2,Autonomous Mode,"A Cruise autonomous vehicle (“Cruise AV”), operating in autonomous mode, was waiting for oncoming traffic to clear the intersection before making a left turn onto Bush Street from southbound Steiner Street when another vehicle made contact with the right rear corner of the Cruise AV, damaging the Cruise AV’s right rear fascia, bumper, and wheel well. There were no injuries and police were not called.",Clear,Clear,Daylight,Daylight,Dry,Dry,No unusual conditions,No unusual conditions,Stopped,Passing other Vehicle,Other,Rear End,None Apparent,,,,,,
gm-cruise-collision-report-july-20-2019.pdf,GM Cruise LLC,Cruise,07/20/2019,8:58 PM,2020,Chevrolet,Bolt,Mission St. between 2nd St. and Shaw Alley,San Francisco,San Francisco,CA,94105,Yes,No,No,No,No,2,Moderate,No,No,No,No,Yes,Yes,Yes,No,No,No,No,No,No,No,No,No,No,No,No,No,No,No,No,No,No,No,No,No,No,No,4Runner,2017,Yes,No,No,No,No,Only for Old Reports,Only for Old Reports,2,Conventional Mode,"A Cruise autonomous vehicle (“Cruise AV”), operating in autonomous mode, was traveling southwest bound on Mission Street between 1stand 2nd Streets when the Cruise AV slowed down. The driver of the Cruise AV disengaged from autonomous mode and, shortly thereafter,another vehicle made contact with the right rear corner of the Cruise AV, damaging the Cruise AV’s right rear bumper, fender, and hatch.There were no injuries and police were not called.",Clear,Clear,Dark w Street-lights,Dark w Street-lights,Dry,Dry,No unusual conditions,No unusual conditions,Proceeding Straight,Proceeding Straight,Other,Rear End,None Apparent,,,,,,
gm-cruise-collision-report-july-2019.pdf,GM Cruise LLC,Cruise,07/01/2019,10:58 AM,2020,Chevrolet,Bolt,Grant St. and Clay St.,San Francisco,San Francisco,CA,94108,No,Yes,No,No,No,2,Minor,No,Yes,Yes,No,No,No,No,No,No,No,No,No,No,No,No,No,No,No,No,No,No,No,No,No,No,No,No,No,No,No,Toyota,Not Available,Yes,No,No,No,No,Only for Old Reports,Only for Old Reports,2,Autonomous Mode,"A Cruise autonomous vehicle (“Cruise AV”), operating in autonomous mode, was traveling northbound on Grant Street between Clay and Washington Streets when another vehicle, completing a left turn from Clay onto Grant, made contact with the left rear corner of the Cruise AV, damaging the left lower tail lamp and rear fascia. The driver of the other vehicle drove away without exchanging information. There were no injuries and police were not called.",Clear,Clear,Daylight,Daylight,Dry,Dry,No unusual conditions,No unusual conditions,Stopped,Making Left Turn,Other,Rear End,None Apparent,,,,,,
gm-cruise-collision-report-june-12-2019.pdf,GM Cruise LLC,Cruise,06/12/2019,12:47 PM,2019,Chevrolet,Bolt,Folsom St between 13th St and 12th St,San Francisco,San Francisco,CA,94103,Yes,No,No,No,No,2,Moderate,No,No,No,No,No,No,No,No,No,No,No,No,No,No,No,No,No,No,No,No,No,No,Yes,No,No,No,No,Yes,Yes,Yes,E-150 Van,2002,Yes,No,No,No,No,Only for Old Reports,Only for Old Reports,2,Conventional Mode,"A Cruise autonomous vehicle (“Cruise AV”), operating in autonomous mode, was traveling in the left lane on northbound Folsom Street between 13th and 12th Streets when another vehicle changed into the Cruise AV’s lane without using its left signal. The driver of the Cruise AV disengaged from autonomous mode and, shortly thereafter, the Cruise AV and the other vehicle made contact, damaging the Cruise AV’s front right bumper, fender, and wheel well. There were no injuries and police were not called.",Clear,Clear,Daylight,Daylight,Dry,Dry,No unusual conditions,No unusual conditions,Proceeding Straight,Changing Lanes,Other,Side Swipe,CVC Sections Not Violated,,,,,,
gm-cruise-collision-report-june-13-2019.pdf,GM Cruise LLC,Cruise,06/13/2019,4:47 PM,2019,Chevrolet,Bolt,Divisadero St. and Bush St.,San Francisco,San Francisco,CA,94115,Yes,No,No,No,No,2,Minor,No,Yes,Yes,No,No,No,No,No,No,No,No,No,No,No,No,No,No,No,No,No,No,No,No,No,No,No,No,No,No,No,Journey,2019,Yes,No,No,No,No,Only for Old Reports,Only for Old Reports,2,Autonomous Mode,"A Cruise autonomous vehicle (“Cruise AV”), operating in autonomous mode, was traveling southbound on Divisadero Street between Pine and Bush Streets when another vehicle made contact with the left rear bumper of the Cruise AV, damaging the bumper and left tail light. There were no injuries and police were not called.",Clear,Clear,Daylight,Daylight,Dry,Dry,No unusual conditions,No unusual conditions,Proceeding Straight,Changing Lanes,Other,Rear End,None Apparent,,,,,,
gm-cruise-collision-report-june-20-2019.pdf,GM Cruise LLC,Cruise,06/20/2019,9:03 PM,2020,Chevrolet,Bolt,Bush St. and Octavia St.,San Francisco,San Francisco,CA,94109,Yes,No,No,No,No,2,Moderate,No,No,No,No,Yes,No,Yes,No,No,No,No,No,Yes,No,No,No,No,No,No,No,No,No,No,No,No,No,No,No,No,No,UNK,Not Available,Yes,No,No,No,No,Only for Old Reports,Only for Old Reports,2,Conventional Mode,"A Cruise autonomous vehicle (“Cruise AV”), operating in autonomous mode, was making a left turn from the leftmost lane on westbound Bush Street onto northbound Octavia Street when the Cruise AV slowed down. The driver of the Cruise AV disengaged from autonomous mode and, shortly thereafter, another vehicle clipped the Cruise AV’s right rear corner, damaging the right rear bumper cover, wheel well, and wheel. The driver of the other vehicle drove away without exchanging information. There were no injuries. Police were called but not dispatched to the scene.",Clear,Clear,Dark w Street-lights,Dark w Street-lights,Dry,Dry,No unusual conditions,No unusual conditions,Making Left Turn,Changing Lanes,Other,Side Swipe,None Apparent,,,,,,
gm-cruise-collision-report-june-23-2019.pdf,GM Cruise LLC,Cruise,6/23/2019,12:03 PM,2020,Chevrolet,Bolt,Divisadero St. and Fell St.,San Francisco,San Francisco,CA,94117,Yes,No,No,No,No,2,Minor,Yes,Yes,No,No,Yes,No,No,No,No,No,No,No,No,No,No,No,No,No,No,No,No,No,No,No,No,No,No,No,No,No,Mercedes- Benz,2012,Yes,No,No,No,No,Only for Old Reports,Only for Old Reports,2,Conventional Mode,"A Cruise autonomous vehicle (“Cruise AV”), operating in autonomous mode, was traveling northbound on Divisadero Street through the intersection with Fell Street when the Cruise AV slowed down. The driver of the Cruise AV disengaged from autonomous mode and, shortly thereafter, another vehicle made contact with the Cruise AV’s rear bumper, damaging the rear bumper and fascia assembly. There were no injuries and police were not called.",Clear,Clear,Daylight,Daylight,Dry,Dry,No unusual conditions,No unusual conditions,Proceeding Straight,Proceeding Straight,Other,Rear End,None Apparent,,,,,,
gm-cruise-collision-report-june-26-2019.pdf,GM Cruise LLC,Cruise,6/26/2019,12:36 AM,2020,Chevrolet,Bolt,10th Ave and California St.,San Francisco,San Francisco,CA,94118,Yes,No,No,No,No,2,Minor,No,Yes,Yes,No,No,No,No,No,No,No,No,No,No,No,No,No,No,No,No,No,No,No,No,No,No,No,No,No,No,No,Hyundai,Not Available,Yes,No,No,No,No,Only for Old Reports,Only for Old Reports,2,Autonomous Mode,"A Cruise autonomous vehicle (“Cruise AV”), operating in autonomous mode, was making a right turn from northbound 10th Avenue onto eastbound California Street when another vehicle made contact with the Cruise AV’s left rear bumper, damaging the upper rear fascia and lower tail light assembly. The driver of the other vehicle drove away without exchanging information. Police were not called and no injuries were reported at the scene by either party. The Cruise AV tester sitting in the driver seat did not report injuries on the scene but later mentioned injuries.",Clear,Clear,Dark w Street-lights,Dark w Street-lights,Dry,Dry,No unusual conditions,No unusual conditions,Making Right Turn,Making Right Turn,Other,Rear End,None Apparent,,,,,,
gm-cruise-collision-report-june-27-2019.pdf,GM Cruise LLC,Cruise,06/27/2019,9:50 PM,2019,Chevrolet,Bolt,Bryant St. and 10th St.,San Francisco,San Francisco,CA,94103,Yes,No,No,No,No,2,Minor,No,Yes,No,No,No,No,No,No,No,No,No,No,No,No,No,No,No,No,No,No,No,No,No,No,No,No,No,No,No,No,unk,Not Available,Yes,No,No,No,No,Only for Old Reports,Only for Old Reports,Not Applicable,Autonomous Mode,"A Cruise autonomous vehicle (“Cruise AV”), operating in autonomous mode, was making a right turn from northeast bound Bryant Street onto southeast bound 10th Street when another vehicle made contact with the Cruise AV’s left rear corner, damaging the upper left tail lamp assembly. There were no injuries and police were not called.",Clear,Clear,Dark w Street-lights,Dark w Street-lights,Dry,Dry,No unusual conditions,No unusual conditions,Making Right Turn,Making Right Turn,Other,Side Swipe,None Apparent,,,,,,
gm-cruise-collision-report-june-29-2019.pdf,GM Cruise LLC,Cruise,06/29/2019,11:49 PM,2020,Chevrolet,Bolt,Duboce Ave between Guerrero St. and Market St.,San Francisco,San Francisco,CA,94103,Yes,No,No,No,No,2,Minor,No,Yes,Yes,No,No,No,No,No,No,No,No,No,No,No,No,No,No,No,No,No,No,No,No,No,No,No,No,No,No,No,Town & Country,2016,Yes,No,No,No,No,Only for Old Reports,Only for Old Reports,2,Autonomous Mode,"A Cruise autonomous vehicle (“Cruise AV”), operating in autonomous mode, was traveling westbound on Duboce Avenue between Guerrero Street and Market Street when another vehicle made contact with the Cruise AV’s left rear corner, damaging the lower left tail lamp assembly and left rear wheel well. There were no injuries and police were not called.",Clear,Clear,Dark w Street-lights,Dark w Street-lights,Dry,Dry,No unusual conditions,No unusual conditions,Proceeding Straight,Changing Lanes,Other,Rear End,None Apparent,,,,,,
gm-cruise-collision-report-june-8-2019.pdf,GM Cruise LLC,Cruise,06/08/2019,9:02 AM,2019,Chevrolet,Bolt,Clay St. and Van Ness Ave.,San Francisco,San Francisco,CA,94109,Yes,No,No,No,No,2,Minor,No,No,No,No,Yes,No,No,No,No,No,No,No,No,No,No,No,No,No,No,No,No,No,No,No,No,No,No,No,No,No,Audi AA,2014,Yes,No,No,No,No,Only for Old Reports,Only for Old Reports,2,Autonomous Mode,"A Cruise autonomous vehicle (“Cruise AV”), operating in autonomous mode, was traveling eastbound on Clay Street through the intersection with Van Ness Avenue when another vehicle made contact with the rear right bumper of the Cruise AV, damaging the Cruise AV’s right brake light assembly. There were no injuries and police were not called.",Clear,Clear,Daylight,Daylight,Dry,Dry,Construction - Repair Zone,Construction - Repair Zone,Proceeding Straight,Proceeding Straight,Other,Rear End,None Apparent,,,,,,
gm-cruise-collision-report-march-23-2019.pdf,GM Cruise LLC,Cruise,03/23/2019,5:28 AM,2019,Chevrolet,Bolt,Eddy St. and Leavenworth St.,San Francisco,San Francisco,CA,94109,Yes,No,No,No,No,2,Minor,Yes,Yes,No,No,No,No,No,No,No,No,No,No,No,No,No,No,No,No,No,No,No,No,No,No,No,No,No,No,No,No,Ford/ C-Max,2013,Yes,No,No,No,No,Only for Old Reports,Only for Old Reports,2,Autonomous Mode,"A Cruise autonomous vehicle (“Cruise AV”), operating in autonomous mode, was proceeding westbound on Eddy Street at the intersection with Leavenworth Street when another vehicle made contact with the center rear bumper of the Cruise AV, damaging the Cruise AV’s left center rear bumper and radar connector. Police were not called and no injuries were reported at the scene by either party. Both of the Cruise AV testers sitting in passenger seats later sought medical attention for neck stiffness.",Clear,Clear,Dark w Street-lights,Dark w Street-lights,Dry,Dry,No unusual conditions,No unusual conditions,Proceeding Straight,Proceeding Straight,Other,Rear End,None Apparent,,,,,,
gm-cruise-collision-report-march-24-2019.pdf,GM Cruise LLC,Cruise,03/24/2019,10:50 PM,2019,Chevrolet,Bolt,11th St. and Folsom St.,San Francisco,San Francisco,CA,94103,Yes,No,No,No,No,2,Moderate,No,No,No,No,No,No,No,No,No,No,No,No,No,No,No,No,No,Yes,No,No,No,No,No,Yes,No,Yes,No,No,No,No,Toyota Prius,2011,Yes,No,No,No,No,Only for Old Reports,Only for Old Reports,2,Conventional Mode,"A Cruise autonomous vehicle (“Cruise AV”), operating in conventional mode, was making a left turn from southeast bound 11th Street onto northeast bound Folsom Street when the driver of the Cruise AV made contact with the rear driver side door of another vehicle that was proceeding through the green light on southwest bound 11th Street, damaging both the other vehicle’s rear driver side door and wheel well and the Cruise AV’s front left bumper and wheel well. There were no injuries and police were not called.",Clear,Clear,Dark w Street-lights,Dark w Street-lights,Dry,Dry,No unusual conditions,No unusual conditions,Making Left Turn,Proceeding Straight,Other,Side Swipe,None Apparent,,,,,,
gm-cruise-collision-report-march-8-2019.pdf,GM Cruise LLC,Cruise,03/08/2019,1:29 AM,2019,Chevrolet,Bolt,16th St. and Guerrero St.,San Francisco,San Francisco,CA,94103,Yes,No,No,No,No,2,Minor,No,No,No,No,Yes,No,No,No,No,No,No,No,No,No,No,No,No,No,No,No,No,No,No,No,No,No,No,No,No,No,Audi AA,2014,Yes,No,No,No,No,Only for Old Reports,Only for Old Reports,2,Autonomous Mode,"A Cruise autonomous vehicle (“Cruise AV”), operating in autonomous mode, was making a right turn from 16th Street onto northbound Guerrero Street when another vehicle, entering traffic from a curbside parked position on westbound 16th Street, made contact with the right rear corner of the Cruise AV, damaging the Cruise AV’s rear right bumper, wheel well, and rear parking sensor. The driver of the other vehicle drove away without exchanging information. There were no injuries and police were not called.",,,,,,,,,,,,,,,,,,,
gm-cruise-collision-report-may-13-2019.pdf,GM Cruise LLC,Cruise,05/13/2019,12:32 AM,2019,Chevrolet,Bolt,Filmore St. and Fell St.,San Francisco,San Francisco,CA,94117,Yes,No,No,No,No,2,Moderate,No,No,No,No,No,No,No,No,No,No,No,No,No,No,No,No,No,No,No,No,No,No,No,Yes,Yes,Yes,Yes,Yes,Yes,Yes,Mazda,2013,Yes,No,No,No,No,Only for Old Reports,Only for Old Reports,2,Conventional Mode,"A Cruise autonomous vehicle (“Cruise AV”), operating in autonomous mode, was traveling straight through a green light northbound on Fillmore Street at the intersection with Fell Street when another vehicle, traveling westbound and violating a red light on Fell Street, came into the Cruise AV’s path. The driver of the Cruise AV disengaged from autonomous mode, and thereafter, the Cruise AV and the other vehicle made contact, damaging the other vehicle’s left rear door and the Cruise AV’s front bumper assembly, grill, and both front wheel wells. There were no injuries and police were not called.",Clear,Clear,Dark w Street-lights,Dark w Street-lights,Dry,Dry,No unusual conditions,No unusual conditions,Proceeding Straight,Proceeding Straight,Other,Broadside,CVC Sections Not Violated,,,,,,
gm-cruise-collision-report-may-18-2019.pdf,GM Cruise LLC,Cruise,05/18/2019,7:31 PM,2019,Chevrolet,Bolt,Euclid Ave. and Palm Ave.,San Francisco,San Francisco,CA,94118,Yes,No,No,No,No,2,None,No,No,No,No,No,No,No,No,No,No,No,No,No,No,No,No,No,No,No,No,No,No,No,No,No,No,No,No,No,No,Mazda 3 SW S,2010,Yes,No,No,No,No,Only for Old Reports,Only for Old Reports,2,Autonomous Mode,"A Cruise autonomous vehicle (“Cruise AV”), operating in autonomous mode, was about to make a left turn after stopping at the four-way stop sign on westbound Euclid Avenue at the intersection with Palm Avenue when another vehicle made contact with the rear bumper of the Cruise AV. Police were not called and no injuries were reported at the scene by either party. Two of the Cruise AV testers sitting in the driver and front passenger seats later mentioned injuries.",Cloudy,Cloudy,Dusk/Dawn,Dusk/Dawn,Wet,Wet,No unusual conditions,No unusual conditions,Proceeding Straight,Proceeding Straight,Other,Rear End,None Apparent,,,,,,
gm-cruise-collision-report-may-2-2019.pdf,GM Cruise LLC,Cruise,5/2/2019,11:01 PM,2019,Chevrolet,Bolt,24th St. and Potrero Ave,San Francisco,San Francisco,CA,94110,No,Yes,No,No,No,2,None,Yes,No,No,No,Yes,No,Yes,No,No,No,No,No,No,No,No,No,No,No,No,No,No,No,No,No,No,No,No,No,No,No,Audi A4,Not Available,Yes,No,No,No,No,Only for Old Reports,Only for Old Reports,2,Autonomous Mode,"A Cruise autonomous vehicle (“Cruise AV”), operating in autonomous mode, was stopped at a red light on eastbound 24th Street at the intersection with Potrero Avenue when another vehicle approaching from the rear did not come to a complete stop and made contact with the Cruise AV’s rear bumper. The driver of the other vehicle drove away without exchanging information. The Cruise AV tester sitting in the driver’s seat requested medical treatment and emergency services arrived on the scene. SFPD incident report number was not available at the time of filing of this report.",Clear,Clear,Dark w Street-lights,Dark w Street-lights,Dry,Dry,No unusual conditions,No unusual conditions,Stopped,Slowing/Stopping,Other,Rear End,None Apparent,,,,,,